/*
SQLyog Ultimate v12.09 (64 bit)
MySQL - 10.1.21-MariaDB : Database - mamalaundry
*********************************************************************
*/

/*!40101 SET NAMES utf8 */;

/*!40101 SET SQL_MODE=''*/;

/*!40014 SET @OLD_UNIQUE_CHECKS=@@UNIQUE_CHECKS, UNIQUE_CHECKS=0 */;
/*!40014 SET @OLD_FOREIGN_KEY_CHECKS=@@FOREIGN_KEY_CHECKS, FOREIGN_KEY_CHECKS=0 */;
/*!40101 SET @OLD_SQL_MODE=@@SQL_MODE, SQL_MODE='NO_AUTO_VALUE_ON_ZERO' */;
/*!40111 SET @OLD_SQL_NOTES=@@SQL_NOTES, SQL_NOTES=0 */;
CREATE DATABASE /*!32312 IF NOT EXISTS*/`mamalaundry` /*!40100 DEFAULT CHARACTER SET latin1 */;

USE `mamalaundry`;

/*Table structure for table `activity` */

DROP TABLE IF EXISTS `activity`;

CREATE TABLE `activity` (
  `id_activity` INT(11) NOT NULL AUTO_INCREMENT,
  `id_branch` INT(11) NOT NULL,
  `id_user` INT(11) DEFAULT NULL,
  `modul` VARCHAR(255) CHARACTER SET latin1 NOT NULL,
  `date` DATETIME NOT NULL,
  PRIMARY KEY (`id_activity`)
) ENGINE=InnoDB AUTO_INCREMENT=472 DEFAULT CHARSET=utf8;

/*Data for the table `activity` */

insert  into `activity`(`id_activity`,`id_branch`,`id_user`,`modul`,`date`) values (235,2,14,'LOGOUT','2018-01-11 02:00:17'),(236,1,14,'LOGIN','2018-01-11 02:32:46'),(237,1,14,'TAKE ORDER WITH INVOICE NUMBER : KP-1001','2018-01-11 02:34:19'),(238,1,14,'TAKE ORDER WITH INVOICE NUMBER : KP-1002','2018-01-11 02:34:56'),(239,1,14,'TAKE ORDER WITH INVOICE NUMBER : KP-1003','2018-01-11 02:38:51'),(240,1,14,'LOGOUT','2018-01-11 02:40:01'),(241,1,14,'LOGIN','2018-01-11 02:50:32'),(242,1,14,'LOGOUT','2018-01-11 03:01:34'),(243,1,14,'LOGIN','2018-01-16 11:57:04'),(244,1,14,'LOGOUT','2018-01-16 11:57:09'),(245,1,14,'LOGIN','2018-01-16 11:57:12'),(246,1,14,'LOGOUT','2018-01-16 12:14:09'),(247,1,14,'LOGIN','2018-01-17 00:38:18'),(248,1,14,'LOGOUT','2018-01-17 00:38:22'),(249,2,14,'LOGIN','2018-01-17 00:38:26'),(250,2,14,'LOGOUT','2018-01-17 00:38:44'),(251,2,14,'LOGIN','2018-01-17 00:38:53'),(252,2,14,'LOGOUT','2018-01-17 00:38:55'),(253,1,14,'LOGIN','2018-01-17 00:39:01'),(254,1,14,'LOGOUT','2018-01-17 00:39:10'),(255,1,14,'LOGIN','2018-01-17 19:20:53'),(256,1,14,'UPDATE ORDER WITH INVOICE NUMBER: KP-1002','2018-01-17 19:21:23'),(257,1,14,'UPDATE PICKUP DATE WITH INVOICE NUMBER : KP-1002','2018-01-17 19:21:29'),(258,1,14,'LOGOUT','2018-01-17 19:22:57'),(259,2,14,'LOGIN','2018-01-17 19:28:56'),(260,2,14,'LOGOUT','2018-01-17 19:28:59'),(261,1,14,'LOGIN','2018-01-17 19:30:55'),(262,1,14,'LOGOUT','2018-01-17 19:31:01'),(263,1,14,'LOGIN','2018-01-17 19:39:09'),(264,1,14,'LOGOUT','2018-01-17 19:39:13'),(265,1,14,'LOGIN','2018-01-17 19:42:45'),(266,1,14,'LOGOUT','2018-01-17 19:42:55'),(267,1,14,'LOGIN','2018-01-17 19:49:23'),(268,1,14,'LOGOUT','2018-01-17 19:49:29'),(269,1,14,'LOGIN','2018-01-17 20:00:05'),(270,1,14,'LOGOUT','2018-01-17 20:00:09'),(271,1,14,'LOGIN','2018-01-21 18:17:45'),(272,1,14,'LOGOUT','2018-01-21 18:56:53'),(273,1,14,'LOGIN','2018-01-21 19:08:01'),(274,1,14,'LOGOUT','2018-01-21 19:22:05'),(275,1,14,'LOGIN','2018-01-21 19:23:47'),(276,1,14,'LOGOUT','2018-01-21 19:47:39'),(277,1,14,'LOGIN','2018-01-21 20:15:31'),(278,1,14,'LOGOUT','2018-01-21 20:22:14'),(279,1,14,'LOGIN','2018-01-21 20:43:06'),(280,1,14,'LOGOUT','2018-01-21 20:51:35'),(281,1,14,'LOGIN','2018-01-21 23:59:48'),(282,1,14,'LOGOUT','2018-01-22 00:00:20'),(283,2,14,'LOGIN','2018-01-23 01:15:44'),(284,2,14,'LOGOUT','2018-01-23 01:15:56'),(285,1,14,'LOGIN','2018-01-23 01:15:59'),(286,1,14,'GET PAYMENT WITH INVOICE NUMBER : KP-1003','2018-01-23 01:16:18'),(287,1,14,'LOGOUT','2018-01-23 01:40:43'),(288,1,14,'LOGIN','2018-01-23 01:45:52'),(289,1,14,'LOGOUT','2018-01-23 01:57:02'),(290,1,14,'LOGIN','2018-01-23 21:25:46'),(291,1,14,'LOGOUT','2018-01-23 21:27:23'),(292,2,14,'LOGIN','2018-03-03 12:23:00'),(293,2,14,'LOGOUT','2018-03-03 12:29:20'),(294,1,14,'LOGIN','2018-03-03 12:29:24'),(295,1,14,'TAKE ORDER AND PAYMENT WITH INVOICE NUMBER : KP-1004','2018-03-03 12:36:33'),(296,1,14,'CREATE EXPENSE : TESTST','2018-03-03 12:37:14'),(297,1,14,'CREATE EXPENSE : XX','2018-03-03 12:50:41'),(298,1,14,'CREATE EXPENSE : HGH','2018-03-03 12:55:56'),(299,1,14,'LOGOUT','2018-03-03 13:24:01'),(300,1,14,'LOGIN','2018-03-03 13:29:54'),(301,1,14,'UPDATE EXPENSE : XX','2018-03-03 14:59:12'),(302,1,14,'CREATE EXPENSE : HJF','2018-03-03 14:59:52'),(303,1,14,'UPDATE EXPENSE : HJF','2018-03-03 15:03:29'),(304,1,14,'CREATE EXPENSE : LKK','2018-03-03 15:03:57'),(305,1,14,'LOGOUT','2018-03-03 15:16:05'),(306,1,14,'LOGIN','2018-03-09 00:15:41'),(307,1,14,'LOGOUT','2018-03-09 00:17:28'),(308,1,33,'LOGIN','2018-03-09 00:17:38'),(309,1,33,'LOGOUT','2018-03-09 00:17:56'),(310,1,36,'LOGIN','2018-03-09 00:18:04'),(311,1,36,'ASIGN ORDER WITH INVOICE NUMBER : KP-1003','2018-03-09 00:18:21'),(312,1,36,'LOGOUT','2018-03-09 00:18:27'),(313,1,33,'LOGIN','2018-03-09 00:18:38'),(314,1,33,'PACKING ORDER : SETRIKA','2018-03-09 00:18:54'),(315,1,33,'LOGOUT','2018-03-09 00:19:00'),(316,1,14,'LOGIN','2018-03-09 00:19:04'),(317,1,14,'LOGOUT','2018-03-09 00:20:36'),(318,1,33,'LOGIN','2018-03-09 00:20:45'),(319,1,33,'LOGOUT','2018-03-09 00:22:08'),(320,1,14,'LOGIN','2018-03-09 00:22:12'),(321,1,14,'LOGOUT','2018-03-09 00:25:53'),(322,1,33,'LOGIN','2018-03-09 00:26:01'),(323,1,33,'PACKING ORDER WITH INVOICE NUMBER : KP-1003-GULING BESAR','2018-03-09 00:26:10'),(324,1,33,'LOGOUT','2018-03-09 00:26:13'),(325,1,14,'LOGIN','2018-03-09 00:26:16'),(326,1,14,'LOGOUT','2018-03-09 00:32:22'),(327,1,14,'LOGIN','2018-03-09 00:38:31'),(328,1,14,'LOGOUT','2018-03-09 00:40:10'),(329,1,14,'LOGIN','2018-03-28 00:07:59'),(330,1,14,'CHANGE INVOICE ORDER : KP-1002','2018-03-28 00:08:45'),(331,1,14,'TAKE ORDER WITH INVOICE NUMBER : KP-1005','2018-03-28 00:16:57'),(332,1,14,'LOGOUT','2018-03-28 00:23:42'),(333,1,14,'LOGIN','2018-03-28 20:35:14'),(334,1,14,'CREATE EXPENSE : TESTT','2018-03-28 20:41:39'),(335,1,14,'UPDATE EXPENSE : TESTT','2018-03-28 20:42:11'),(336,1,14,'TAKE ORDER WITH INVOICE NUMBER : KP-1006','2018-03-28 21:11:17'),(337,1,14,'TAKE ORDER WITH INVOICE NUMBER : KP-1007','2018-03-28 21:19:41'),(338,1,14,'CHANGE INVOICE ORDER : KP-1006','2018-03-28 21:22:38'),(339,1,14,'TAKE ORDER WITH INVOICE NUMBER : KP-1008','2018-03-28 21:31:15'),(340,1,14,'CHANGE INVOICE ORDER : KP-1006','2018-03-28 21:33:24'),(341,1,14,'CHANGE INVOICE ORDER : KP-1006','2018-03-28 21:33:44'),(342,1,14,'LOGOUT','2018-03-28 21:45:51'),(343,1,14,'LOGIN','2018-04-03 10:24:13'),(344,1,14,'CHANGE INVOICE ORDER : KP-1001','2018-04-03 10:28:01'),(345,1,14,'TAKE ORDER WITH INVOICE NUMBER : KP-1009','2018-04-03 10:30:47'),(346,1,14,'LOGOUT','2018-04-03 10:31:42'),(347,1,14,'LOGIN','2018-04-03 17:07:15'),(348,1,14,'TAKE ORDER WITH INVOICE NUMBER : KP-1010','2018-04-03 17:07:56'),(349,1,14,'CHANGE INVOICE ORDER : KP-1010','2018-04-03 17:09:03'),(350,1,14,'CHANGE INVOICE ORDER : KP-1010','2018-04-03 17:09:29'),(351,1,14,'CHANGE INVOICE ORDER : KP-1010','2018-04-03 17:13:49'),(352,1,14,'LOGOUT','2018-04-03 17:59:12'),(353,1,14,'LOGIN','2018-04-03 17:59:17'),(354,1,14,'CHANGE INVOICE ORDER : KP-1010','2018-04-03 17:59:45'),(355,1,14,'LOGOUT','2018-04-03 17:59:58'),(356,1,14,'LOGIN','2018-04-10 19:34:00'),(357,1,14,'LOGIN','2018-04-10 19:34:11'),(358,1,14,'LOGIN','2018-04-10 19:34:24'),(359,1,14,'LOGIN','2018-04-10 19:34:32'),(360,2,14,'LOGIN','2018-04-10 19:34:46'),(361,1,14,'LOGIN','2018-04-10 19:34:51'),(362,1,14,'LOGIN','2018-04-10 19:37:37'),(363,1,14,'LOGIN','2018-04-10 19:37:47'),(364,1,14,'LOGIN','2018-04-10 20:00:06'),(365,1,14,'LOGOUT','2018-04-10 20:00:10'),(366,1,14,'LOGIN','2018-06-02 01:48:19'),(367,1,14,'TAKE ORDER AND PAYMENT WITH INVOICE NUMBER : KP-1015','2018-06-02 01:48:46'),(368,1,14,'TAKE ORDER WITH INVOICE NUMBER : KP-1016','2018-06-02 01:50:02'),(369,1,14,'GET PAYMENT WITH INVOICE NUMBER : KP-1016','2018-06-02 01:50:18'),(370,1,14,'LOGOUT','2018-06-02 01:55:40'),(371,1,14,'LOGIN','2018-06-02 02:04:21'),(372,1,14,'TAKE ORDER AND PAYMENT WITH INVOICE NUMBER : KP-1017','2018-06-02 02:04:46'),(373,1,14,'LOGOUT','2018-06-02 02:15:25'),(374,1,14,'LOGIN','2018-06-02 02:29:35'),(375,1,14,'TAKE ORDER WITH INVOICE NUMBER : KP-1018','2018-06-02 02:29:49'),(376,1,14,'GET PAYMENT WITH INVOICE NUMBER : KP-1018','2018-06-02 02:30:22'),(377,1,14,'LOGOUT','2018-06-02 02:40:23'),(378,1,14,'LOGIN','2018-06-02 02:54:41'),(379,1,14,'GET PAYMENT WITH INVOICE NUMBER : KP-1010','2018-06-02 02:55:43'),(380,1,14,'GET PAYMENT WITH INVOICE NUMBER : KP-1009','2018-06-02 02:56:33'),(381,1,14,'TAKE ORDER WITH INVOICE NUMBER : KP-1019','2018-06-02 02:57:15'),(382,1,14,'GET PAYMENT WITH INVOICE NUMBER : KP-1019','2018-06-02 03:01:48'),(383,1,14,'LOGOUT','2018-06-02 03:04:23'),(384,1,14,'LOGIN','2018-06-03 01:38:24'),(385,1,14,'TAKE ORDER AND PAYMENT WITH INVOICE NUMBER : KP-1020','2018-06-03 01:39:56'),(386,1,14,'TAKE ORDER AND PAYMENT WITH INVOICE NUMBER : KP-1021','2018-06-03 01:42:55'),(387,1,14,'LOGOUT','2018-06-03 01:46:49'),(388,1,14,'LOGIN','2018-06-20 02:59:04'),(389,1,14,'LOGOUT','2018-06-20 03:22:27'),(390,1,14,'LOGIN','2018-06-20 03:25:19'),(391,1,14,'CREATE EXPENSE : TEST1','2018-06-20 03:25:42'),(392,1,14,'CREATE EXPENSE : TEST2','2018-06-20 03:25:42'),(393,1,14,'LOGOUT','2018-06-20 03:33:26'),(394,1,14,'LOGIN','2018-07-24 21:22:07'),(395,1,14,'LOGOUT','2018-07-24 21:22:16'),(396,1,14,'LOGIN','2018-07-24 21:22:29'),(397,1,14,'LOGOUT','2018-07-24 22:06:29'),(398,1,14,'LOGIN','2018-07-24 22:22:10'),(399,1,14,'LOGOUT','2018-07-24 23:42:27'),(400,1,14,'LOGIN','2018-07-24 23:42:42'),(401,1,14,'LOGOUT','2018-07-24 23:43:00'),(402,1,14,'LOGIN','2018-08-02 00:38:01'),(403,1,14,'LOGOUT','2018-08-02 00:40:40'),(404,1,14,'LOGIN','2018-08-06 03:06:55'),(405,1,14,'TAKE ORDER AND PAYMENT WITH INVOICE NUMBER : KP-1022','2018-08-06 03:12:27'),(406,1,14,'LOGOUT','2018-08-06 03:17:37'),(407,1,14,'LOGIN','2018-11-01 17:13:13'),(408,1,14,'LOGOUT','2018-11-01 17:21:55'),(409,1,14,'LOGIN','2018-11-03 16:28:39'),(410,1,14,'LOGOUT','2018-11-03 17:07:32'),(411,1,14,'LOGIN','2018-11-03 17:07:59'),(412,1,14,'LOGOUT','2018-11-03 17:54:57'),(413,1,14,'LOGIN','2018-11-03 18:13:21'),(414,1,14,'LOGOUT','2018-11-03 18:13:33'),(415,1,14,'LOGIN','2018-11-03 18:13:58'),(416,1,14,'LOGOUT','2018-11-03 18:24:26'),(417,1,14,'LOGIN','2018-11-03 18:25:56'),(418,1,14,'TAKE ORDER WITH INVOICE NUMBER : KP-1023','2018-11-03 18:27:29'),(419,1,14,'TAKE ORDER AND PAYMENT WITH INVOICE NUMBER : KP-1024','2018-11-03 18:29:06'),(420,1,14,'LOGOUT','2018-11-03 18:48:35'),(421,1,14,'LOGIN','2018-11-04 01:36:09'),(422,1,14,'LOGIN','2019-07-02 13:32:22'),(423,1,14,'LOGOUT','2019-07-02 13:34:06'),(424,1,14,'LOGIN','2019-07-02 13:34:37'),(425,1,14,'CREATE EXPENSE : TEST','2019-07-02 13:52:25'),(426,1,14,'LOGOUT','2019-07-02 13:54:14'),(427,2,14,'LOGIN','2019-07-02 13:54:17'),(428,2,14,'LOGOUT','2019-07-02 14:00:42'),(429,1,14,'LOGIN','2019-07-02 14:00:44'),(430,1,14,'LOGOUT','2019-07-02 14:03:00'),(431,1,33,'LOGIN','2019-07-02 14:03:09'),(432,1,33,'LOGOUT','2019-07-02 14:05:58'),(433,1,14,'LOGIN','2019-07-02 14:06:00'),(434,1,14,'LOGOUT','2019-07-02 14:06:52'),(435,1,33,'LOGIN','2019-07-02 14:07:04'),(436,1,33,'LOGOUT','2019-07-02 14:09:58'),(437,1,35,'LOGIN','2019-07-02 14:10:05'),(438,1,35,'LOGOUT','2019-07-02 14:10:59'),(439,1,14,'LOGIN','2019-07-02 14:11:02'),(440,1,14,'LOGOUT','2019-07-02 14:12:54'),(441,1,14,'LOGIN','2019-07-02 20:07:59'),(442,1,14,'LOGOUT','2019-07-02 20:41:09'),(443,1,14,'LOGIN','2019-07-02 20:51:57'),(444,1,14,'LOGOUT','2019-07-02 21:12:02'),(445,1,14,'LOGIN','2019-07-02 21:24:44'),(446,1,14,'LOGOUT','2019-07-02 21:34:44'),(447,1,14,'LOGIN','2019-07-02 21:38:05'),(448,1,14,'LOGOUT','2019-07-02 21:52:25'),(449,1,14,'LOGIN','2019-07-03 13:20:20'),(450,1,14,'LOGOUT','2019-07-03 13:32:20'),(451,2,35,'LOGIN','2019-07-03 13:34:59'),(452,2,35,'LOGOUT','2019-07-03 13:37:20'),(453,2,35,'LOGIN','2019-07-03 13:37:34'),(454,2,35,'LOGOUT','2019-07-03 13:37:50'),(455,1,35,'LOGIN','2019-07-03 13:37:59'),(456,1,35,'LOGOUT','2019-07-03 13:40:16'),(457,1,33,'LOGIN','2019-07-03 13:40:31'),(458,1,33,'LOGOUT','2019-07-03 14:06:33'),(459,1,14,'LOGIN','2019-07-03 14:06:39'),(460,1,14,'LOGOUT','2019-07-03 14:51:48'),(461,1,14,'LOGIN','2019-10-02 12:05:12'),(462,1,14,'LOGOUT','2019-10-02 12:15:03'),(463,1,14,'LOGIN','2020-01-13 22:00:19'),(464,1,14,'LOGOUT','2020-01-13 22:05:21'),(465,1,36,'LOGIN','2020-01-13 22:05:33'),(466,1,36,'ASIGN ORDER WITH INVOICE NUMBER : KP-1001','2020-01-13 22:06:08'),(467,1,36,'LOGOUT','2020-01-13 22:06:13'),(468,1,14,'LOGIN','2020-01-13 22:06:17'),(469,1,14,'LOGOUT','2020-01-13 22:19:38'),(470,1,14,'LOGIN','2020-01-13 22:21:16'),(471,1,14,'LOGOUT','2020-01-13 22:34:00');

/*Table structure for table `branch` */

DROP TABLE IF EXISTS `branch`;

CREATE TABLE `branch` (
  `id_branch` int(11) NOT NULL AUTO_INCREMENT,
  `name` varchar(255) CHARACTER SET latin1 NOT NULL,
  `code` varchar(10) NOT NULL,
  `address` varchar(255) CHARACTER SET latin1 NOT NULL,
  `phone_number` varchar(50) CHARACTER SET latin1 DEFAULT NULL,
  PRIMARY KEY (`id_branch`)
) ENGINE=InnoDB AUTO_INCREMENT=3 DEFAULT CHARSET=utf8;

/*Data for the table `branch` */

insert  into `branch`(`id_branch`,`name`,`code`,`address`,`phone_number`) values (1,'KOPO PERMAI','KP','KOPO','08324462432'),(2,'TKI','TKI','JL.JALAN','08435357345');

/*Table structure for table `customer` */

DROP TABLE IF EXISTS `customer`;

CREATE TABLE `customer` (
  `customer_phone` varchar(100) CHARACTER SET latin1 NOT NULL,
  `id_branch` int(11) NOT NULL,
  `name` varchar(255) CHARACTER SET latin1 NOT NULL,
  `address` varchar(255) DEFAULT NULL
) ENGINE=InnoDB DEFAULT CHARSET=utf8;

/*Data for the table `customer` */

insert  into `customer`(`customer_phone`,`id_branch`,`name`,`address`) values ('123',1,'ECHA',''),('2546',1,'TEST',''),('465',1,'SUSI',''),('123',1,'ECHA',''),('777',1,'XX',''),('CCC',1,'CCC',''),('VVV',1,'VVV',''),('082735425243',1,'JOHN','JL. DIPATIUKUR');

/*Table structure for table `employee` */

DROP TABLE IF EXISTS `employee`;

CREATE TABLE `employee` (
  `id_employee` int(11) NOT NULL AUTO_INCREMENT,
  `id_branch` int(11) NOT NULL,
  `occupation` varchar(255) CHARACTER SET latin1 NOT NULL,
  `name` varchar(255) CHARACTER SET latin1 NOT NULL,
  `phone_number` varchar(50) CHARACTER SET latin1 DEFAULT NULL,
  `last_paydate` date NOT NULL,
  PRIMARY KEY (`id_employee`)
) ENGINE=InnoDB AUTO_INCREMENT=11 DEFAULT CHARSET=utf8;

/*Data for the table `employee` */

insert  into `employee`(`id_employee`,`id_branch`,`occupation`,`name`,`phone_number`,`last_paydate`) values (2,1,'WASH','SUSI','08342464423','2017-06-08'),(4,1,'WASH','TUKIEM','08325246524','2017-05-19'),(5,1,'IRON','MAWAR','08342452342','2017-05-13'),(6,2,'WASH','KOKOM','08245357345','2017-05-13'),(7,2,'IRON','UJANG','08424524423','2017-05-13'),(9,2,'WASH','JASON','08342634234','0000-00-00'),(10,1,'TEST','TEST','09867564','0000-00-00');

/*Table structure for table `expense` */

DROP TABLE IF EXISTS `expense`;

CREATE TABLE `expense` (
  `id_expense` int(11) NOT NULL AUTO_INCREMENT,
  `id_branch` int(11) NOT NULL,
  `description` varchar(255) NOT NULL,
  `amount` int(11) NOT NULL,
  `date` date NOT NULL,
  PRIMARY KEY (`id_expense`)
) ENGINE=InnoDB AUTO_INCREMENT=11 DEFAULT CHARSET=latin1;

/*Data for the table `expense` */

insert  into `expense`(`id_expense`,`id_branch`,`description`,`amount`,`date`) values (1,1,'TESTST',-20000,'2018-03-03'),(2,1,'XX',-6000,'2018-03-03'),(3,1,'HGH',15000,'2018-03-03'),(4,1,'TSX',3000,'2018-03-03'),(5,1,'HJF',30000,'2018-03-03'),(6,1,'LKK',2000,'2018-03-03'),(7,1,'TESTT',-35000,'2018-03-28'),(8,1,'TEST1',111,'2018-06-20'),(9,1,'TEST2',111,'2018-06-20'),(10,1,'TEST',234,'2019-07-02');

/*Table structure for table `invoice` */

DROP TABLE IF EXISTS `invoice`;

CREATE TABLE `invoice` (
  `invoice_number` varchar(255) NOT NULL,
  `customer_phone` varchar(100) CHARACTER SET latin1 NOT NULL,
  `id_branch` int(11) NOT NULL,
  `invoice_issue_date` date NOT NULL,
  `payment_date` date DEFAULT NULL,
  `net_price` int(11) NOT NULL,
  `discount` int(11) DEFAULT NULL,
  `id_wash_emp` int(11) DEFAULT NULL,
  `id_iron_emp` int(11) DEFAULT NULL,
  `pickup_date` date DEFAULT NULL,
  `wash_date` date DEFAULT NULL,
  `iron_date` date DEFAULT NULL,
  `note` varchar(255) DEFAULT NULL,
  `total_pcs` int(4) NOT NULL,
  `packing_status` int(11) NOT NULL,
  `status` int(11) NOT NULL,
  PRIMARY KEY (`invoice_number`),
  KEY `id_branch` (`id_branch`),
  KEY `customer_phone` (`customer_phone`),
  CONSTRAINT `invoice_ibfk_2` FOREIGN KEY (`id_branch`) REFERENCES `branch` (`id_branch`)
) ENGINE=InnoDB DEFAULT CHARSET=utf8;

/*Data for the table `invoice` */

insert  into `invoice`(`invoice_number`,`customer_phone`,`id_branch`,`invoice_issue_date`,`payment_date`,`net_price`,`discount`,`id_wash_emp`,`id_iron_emp`,`pickup_date`,`wash_date`,`iron_date`,`note`,`total_pcs`,`packing_status`,`status`) values ('KP-1001','123',1,'2018-01-11',NULL,16600,0,NULL,6,NULL,NULL,'2020-01-13','TEST\'',31,0,0),('KP-1002','123',1,'2018-01-11','2018-01-11',29700,0,NULL,NULL,'2018-01-17',NULL,NULL,'',2,1,1),('KP-1003','123',1,'2018-01-11','2018-01-22',48500,0,6,NULL,NULL,'2018-03-09',NULL,'',2,1,2),('KP-1004','2546',1,'2018-03-03','2018-03-03',11700,0,NULL,NULL,NULL,NULL,NULL,'',2,1,1),('KP-1005','123 ',1,'2018-03-28',NULL,15000,0,NULL,NULL,NULL,NULL,NULL,'',2,0,0),('KP-1006','123 ',1,'2018-03-28',NULL,10000,0,NULL,NULL,NULL,NULL,NULL,'',3,0,0),('KP-1007','465',1,'2018-03-28',NULL,18000,0,NULL,NULL,NULL,NULL,NULL,'',2,0,0),('KP-1008','777',1,'2018-03-28',NULL,94500,0,NULL,NULL,NULL,NULL,NULL,'',3,0,0),('KP-1009','2546',1,'2018-04-03','2018-06-02',16200,5000,NULL,NULL,NULL,NULL,NULL,'TEST\'',3,0,2),('KP-1010','2546',1,'2018-04-03','2018-06-02',216000,50000,NULL,NULL,NULL,NULL,NULL,'',4,0,2),('KP-1011','CCC',1,'2018-06-02','2018-06-02',58000,10000,NULL,NULL,NULL,NULL,NULL,'',3,0,1),('KP-1012','VVV',1,'2018-06-02','2018-06-02',23000,5000,NULL,NULL,NULL,NULL,NULL,'',4,0,1),('KP-1013','VVV',1,'2018-06-02','2018-06-02',20000,4000,NULL,NULL,NULL,NULL,NULL,'',3,0,1),('KP-1014','VVV',1,'2018-06-02','2018-06-02',30000,2000,NULL,NULL,NULL,NULL,NULL,'',3,0,2),('KP-1015','VVV',1,'2018-06-02','2018-06-02',50000,1000,NULL,NULL,NULL,NULL,NULL,'',3,0,1),('KP-1016','VVV',1,'2018-06-02','2018-06-02',50000,1000,NULL,NULL,NULL,NULL,NULL,'',3,0,2),('KP-1017','123',1,'2018-06-02','2018-06-02',35000,10000,NULL,NULL,NULL,NULL,NULL,'',3,0,1),('KP-1018','VVV',1,'2018-06-02','2018-06-02',35000,10000,NULL,NULL,NULL,NULL,NULL,'',3,0,2),('KP-1019','2546',1,'2018-06-02','2018-06-02',11000,4000,NULL,NULL,NULL,NULL,NULL,'',3,0,2),('KP-1020','2546',1,'2018-06-03','2018-06-03',-5000,20000,NULL,NULL,NULL,NULL,NULL,'',3,0,1),('KP-1021','123',1,'2018-06-03','2018-06-03',15000,0,NULL,NULL,NULL,NULL,NULL,'',3,0,1),('KP-1022','082735425243',1,'2018-08-06','2018-08-06',135800,0,NULL,NULL,NULL,NULL,NULL,'',21,0,1),('KP-1023','123',1,'2018-11-03',NULL,137500,0,NULL,NULL,NULL,NULL,NULL,'',3,0,0),('KP-1024','123',1,'2018-11-03','2018-11-03',53500,0,NULL,NULL,NULL,NULL,NULL,'',3,0,1);

/*Table structure for table `order` */

DROP TABLE IF EXISTS `order`;

CREATE TABLE `order` (
  `id_order` int(11) NOT NULL AUTO_INCREMENT,
  `invoice_number` varchar(255) NOT NULL,
  `customer_phone` varchar(100) CHARACTER SET latin1 NOT NULL,
  `id_service` int(11) NOT NULL,
  `id_branch` int(11) NOT NULL,
  `wash_salary_emp` int(11) DEFAULT NULL,
  `iron_salary_emp` int(11) DEFAULT NULL,
  `quantity` decimal(10,3) NOT NULL,
  `price` int(11) NOT NULL,
  `order_date` date NOT NULL,
  `packing_date` date DEFAULT NULL,
  `wash_salary_status` int(11) NOT NULL,
  `iron_salary_status` int(11) NOT NULL,
  PRIMARY KEY (`id_order`),
  KEY `id_service` (`id_service`),
  KEY `id_branch` (`id_branch`),
  KEY `customer_phone` (`customer_phone`),
  KEY `invoice_number` (`invoice_number`),
  CONSTRAINT `order_ibfk_1` FOREIGN KEY (`id_service`) REFERENCES `service` (`id_service`),
  CONSTRAINT `order_ibfk_3` FOREIGN KEY (`id_branch`) REFERENCES `branch` (`id_branch`),
  CONSTRAINT `order_ibfk_4` FOREIGN KEY (`invoice_number`) REFERENCES `invoice` (`invoice_number`)
) ENGINE=InnoDB AUTO_INCREMENT=201 DEFAULT CHARSET=utf8;

/*Data for the table `order` */

insert  into `order`(`id_order`,`invoice_number`,`customer_phone`,`id_service`,`id_branch`,`wash_salary_emp`,`iron_salary_emp`,`quantity`,`price`,`order_date`,`packing_date`,`wash_salary_status`,`iron_salary_status`) values (149,'KP-1003','123',12,1,4848,0,'3.232',48480,'2018-01-11','2018-03-09',0,0),(150,'KP-1004','2546',1,1,0,1524,'2.345',11725,'2018-03-03','2018-03-09',0,0),(151,'KP-1002','123',2,1,0,1932,'2.123',14861,'2018-01-11','2018-01-17',0,0),(152,'KP-1002','123',2,1,0,1932,'2.123',14861,'2018-01-11','0000-00-00',0,0),(153,'KP-1005','123 ',1,1,0,1950,'3.000',15000,'2018-03-28',NULL,0,0),(155,'KP-1007','465',3,1,0,2340,'2.000',18000,'2018-03-28',NULL,0,0),(157,'KP-1008','777',3,1,0,3510,'3.000',27000,'2018-03-28',NULL,0,0),(158,'KP-1008','777',12,1,4500,0,'3.000',45000,'2018-03-28',NULL,0,0),(159,'KP-1008','777',7,1,2250,0,'3.000',22500,'2018-03-28',NULL,0,0),(161,'KP-1006','123 ',1,1,0,1300,'2.000',10000,'2018-03-28','0000-00-00',0,0),(162,'KP-1001','123',1,1,0,2161,'3.324',16620,'2018-01-11','0000-00-00',0,0),(163,'KP-1009','2546',4,1,0,2102,'3.234',16170,'2018-04-03',NULL,0,0),(177,'KP-1010','2546',1,1,0,2102,'3.234',16170,'2018-04-03','0000-00-00',0,0),(178,'KP-1010','2546',28,1,0,0,'5.234',78510,'2018-04-03','0000-00-00',0,0),(179,'KP-1010','2546',10,1,0,2102,'3.234',32340,'2018-04-03','0000-00-00',0,0),(180,'KP-1010','2546',0,1,0,3402,'5.234',88978,'2018-04-03','0000-00-00',0,0),(181,'KP-1011','CCC',0,1,6800,5440,'4.000',68000,'2018-06-02',NULL,0,0),(182,'KP-1012','VVV',2,1,0,3640,'4.000',28000,'2018-06-02',NULL,0,0),(183,'KP-1013','VVV',62,1,2400,960,'3.000',24000,'2018-06-02',NULL,0,0),(184,'KP-1014','VVV',62,1,3200,1280,'4.000',32000,'2018-06-02',NULL,0,0),(185,'KP-1015','VVV',0,1,5100,4080,'3.000',51000,'2018-06-02',NULL,0,0),(186,'KP-1016','VVV',0,1,5100,4080,'3.000',51000,'2018-06-02',NULL,0,0),(187,'KP-1017','123',1,1,0,1950,'3.000',15000,'2018-06-02',NULL,0,0),(188,'KP-1017','123',10,1,3000,0,'3.000',30000,'2018-06-02',NULL,0,0),(189,'KP-1018','VVV',60,1,4500,1800,'3.000',45000,'2018-06-02',NULL,0,0),(190,'KP-1019','2546',1,1,0,1950,'3.000',15000,'2018-06-02',NULL,0,0),(191,'KP-1020','2546',1,1,0,1950,'3.000',15000,'2018-06-03',NULL,0,0),(192,'KP-1021','123',1,1,0,1950,'3.000',15000,'2018-06-03',NULL,0,0),(193,'KP-1022','082735425243',8,1,2967,0,'3.123',29669,'2018-08-06',NULL,0,0),(194,'KP-1022','082735425243',20,1,10615,0,'2.123',106150,'2018-08-06',NULL,0,0),(195,'KP-1023','123',2,1,0,4763,'5.234',36638,'2018-11-03',NULL,0,0),(196,'KP-1023','123',30,1,1749,2273,'1.345',17485,'2018-11-03',NULL,0,0),(197,'KP-1023','123',10,1,7232,0,'7.232',72320,'2018-11-03',NULL,0,0),(198,'KP-1023','123',3,1,0,1444,'1.234',11106,'2018-11-03',NULL,0,0),(199,'KP-1024','123',4,1,0,894,'1.375',6875,'2018-11-03',NULL,0,0),(200,'KP-1024','123',13,1,4685,0,'3.123',46845,'2018-11-03',NULL,0,0);

/*Table structure for table `service` */

DROP TABLE IF EXISTS `service`;

CREATE TABLE `service` (
  `id_service` int(11) NOT NULL AUTO_INCREMENT,
  `id_branch` int(11) NOT NULL,
  `name` varchar(255) CHARACTER SET latin1 NOT NULL,
  `group` int(11) NOT NULL,
  `price` decimal(10,0) NOT NULL,
  `wash_salary` decimal(10,0) DEFAULT NULL,
  `iron_salary` decimal(10,0) DEFAULT NULL,
  PRIMARY KEY (`id_service`)
) ENGINE=InnoDB AUTO_INCREMENT=353 DEFAULT CHARSET=utf8;

/*Data for the table `service` */

insert  into `service`(`id_service`,`id_branch`,`name`,`group`,`price`,`wash_salary`,`iron_salary`) values (0,1,'BLOUSE EXP 5 HOURS',4,'17000','1700','1360'),(1,1,'SETRIKA',1,'5000',NULL,'650'),(2,1,'SETRIKA EXP 1 DAY',1,'7000',NULL,'910'),(3,1,'SETRIKA EXP 5 HOURS',1,'9000',NULL,'1170'),(4,1,'SETRIKA KATERING',1,'5000',NULL,'650'),(5,1,'ALAS TIPIS',2,'10000','1000',NULL),(6,1,'CUCI',2,'5500','550',NULL),(7,1,'CUCI EXP 1 DAY',2,'7500','750',NULL),(8,1,'CUCI EXP 5 HOURS',2,'9500','950',NULL),(9,1,'JAKET KULIT',2,'18000','1800',NULL),(10,1,'BANTAL KECIL',2,'10000','1000',NULL),(11,1,'GULING KECIL',2,'10000','1000',NULL),(12,1,'GULING BESAR',2,'15000','1500',NULL),(13,1,'BANTAL BESAR',2,'15000','1500',NULL),(14,1,'SAJADAH',2,'10000','1000',NULL),(15,1,'TAS',2,'15000','1500',NULL),(16,1,'TAS BESAR',2,'18000','1800',NULL),(17,1,'BONEKA KECIL 1',2,'8000','800',NULL),(18,1,'BONEKA SEDANG 1',2,'12000','1200',NULL),(19,1,'BONEKA BESAR 1',2,'18000','1800',NULL),(20,1,'BONEKA JUMBO 1',2,'50000','5000',NULL),(21,1,'SEPATU',2,'15000','1500',NULL),(22,1,'KESET',2,'7000','700',NULL),(23,1,'CUCI KATERING',2,'5500','550',NULL),(24,1,'KARPET TIPIS',3,'10000',NULL,NULL),(25,1,'KARPET SEDANG',3,'13000',NULL,NULL),(26,1,'KARPET TEBAL',3,'16000',NULL,NULL),(27,1,'KARPET SUPER TEBAL',3,'20000',NULL,NULL),(28,1,'KASUR PALEMBANG',3,'15000',NULL,NULL),(29,1,'KILOAN',4,'7000','700','910'),(30,1,'KILOAN EXP 5 HOURS',4,'13000','1300','1690'),(31,1,'KILOAN EXP 1 DAY',4,'10000','1000','1300'),(32,1,'KILOAN KATERING',4,'7000','700','910'),(34,1,'BAJU ANAK',4,'6000','600','480'),(36,1,'BLOUSE',4,'11000','1100','880'),(37,1,'KEMEJA PANJANG',4,'15000','1500','800'),(38,1,'KEMEJA PENDEK',4,'9000','900','720'),(39,1,'ROK PANJANG',4,'11000','1100','880'),(40,1,'ROK PENDEK',4,'9000','900','720'),(41,1,'CELANA PANJANG',4,'12000','1200','960'),(42,1,'CELANA PENDEK',4,'8000','800','640'),(43,1,'BLAZER',4,'12000','1200','960'),(44,1,'JAS',4,'15000','1500','1200'),(45,1,'SETELAN JAS',4,'25000','2500','2000'),(46,1,'GAUN PENDEK',4,'13000','1300','1040'),(47,1,'GAUN PANJANG',4,'16000','1600','1280'),(48,1,'GAUN ANAK',4,'13000','1300','1040'),(49,1,'GAUN PESTA',4,'20000','2000','1600'),(50,1,'KEBAYA PENDEK',4,'13000','1300','1040'),(51,1,'KEBAYA PANJANG',4,'15000','1500','1200'),(52,1,'JAKET',4,'12000','1200','960'),(53,1,'JAKET TEBAL',4,'15000','1500','1200'),(54,1,'ROMPI',4,'10000','1000','800'),(55,1,'SWEATER',4,'12000','1200','960'),(56,1,'GAMIS',4,'15000','1500','1200'),(57,1,'MUKENA',4,'10000','1000','800'),(58,1,'SELENDANG',4,'6000','600','480'),(59,1,'BED COVER',4,'9000','900','360'),(60,1,'BED COVER EXP 5 HOURS',4,'15000','1500','600'),(61,1,'BED COVER EXP 1 DAY',4,'12000','1200','480'),(62,1,'BED COVER KATERING',4,'8000','800','320'),(63,1,'SELIMUT',4,'9000','900','360'),(64,1,'SELIMUT KATERING',4,'8000','800','320'),(65,1,'SELIMUT EXP 5 HOURS',4,'15000','1500','600'),(66,1,'SELIMUT EXP 1 DAY',4,'12000','1200','480'),(67,1,'BONEKA MINI',2,'5000','500',NULL),(68,1,'BONEKA KECIL 2',2,'10000','1000',NULL),(69,1,'BONEKA SEDANG 2',2,'15000','1500',NULL),(70,1,'BONEKA BESAR 2',2,'20000','2000',NULL),(71,1,'BONEKA BESAR 3',2,'25000','2500',NULL),(72,1,'BONEKA SUPER BESAR 1',2,'30000','3000',NULL),(73,1,'BONEKA SUPER BESAR 2',2,'40000','4000',NULL),(74,1,'BONEKA JUMBO 2',2,'60000','6000',NULL),(75,1,'BONEKA JUMBO 3',2,'70000','7000',NULL),(76,1,'KARPET IMPORT',3,'25000',NULL,NULL),(77,1,'KASUR LIPAT',3,'75000',NULL,NULL),(78,1,'PERMADANI SEDANG',3,'30000',NULL,NULL),(79,1,'PERMADANI BESAR',3,'40000',NULL,NULL),(80,1,'GORDEN',4,'10000','1000','1400'),(82,1,'BAJU ANAK EXP 5 HOURS',4,'12000','1200','960'),(83,1,'KAOS',4,'8000','800','640'),(84,1,'KAOS EXP 5 HOURS',4,'14000','1400','1120'),(85,1,'BLOUSE EXP 1 DAY',4,'14000','1400','1120'),(87,1,'KEMEJA PANJANG EXP 1 DAY',4,'18000','1800','1040'),(88,1,'KEMEJA PANJANG EXP 5 HOURS',4,'21000','2100','1280'),(89,1,'KEMEJA PENDEK EXP 1 DAY',4,'12000','1200','960'),(90,1,'KEMEJA PENDEK EXP 5 HOURS',4,'15000','1500','1200'),(91,1,'ROK PANJANG EXP 1 DAY',4,'14000','1400','1120'),(92,1,'ROK PANJANG EXP 5 HOURS',4,'17000','1700','1360'),(93,1,'ROK PENDEK EXP 1 DAY',4,'12000','1200','960'),(94,1,'ROK PENDEK EXP 5 HOURS',4,'15000','1500','1200'),(95,1,'CELANA PANJANG EXP 1 DAY',4,'15000','1500','1200'),(96,1,'CELANA PANJANG EXP 5 HOURS',4,'18000','1800','1440'),(97,1,'CELANA PENDEK EXP 1 DAY',4,'11000','1100','880'),(98,1,'CELANA PENDEK EXP 5 HOURS',4,'14000','1400','1120'),(99,1,'BLAZER EXP 1 DAY',4,'15000','1500','1200'),(100,1,'BLAZER EXP 5 HOURS',4,'18000','1800','1440'),(101,1,'JAS EXP 1 DAY',4,'18000','1800','1440'),(102,1,'SETELAN JAS EXP 1 DAY',4,'28000','2800','2240'),(103,1,'GAUN PENDEK EXP 1 DAY',4,'16000','1600','1280'),(104,1,'GAUN PENDEK EXP 5 HOURS',4,'19000','1900','1520'),(105,1,'GAUN PANJANG EXP 1 DAY',4,'19000','1900','1520'),(106,1,'GAUN PANJANG EXP 5 HOURS',4,'22000','2200','1760'),(107,1,'GAUN ANAK EXP 1 DAY',4,'18000','1800','1440'),(108,1,'GAUN ANAK EXP 5 HOURS',4,'21000','2100','1680'),(109,1,'GAUN PESTA EXP 1 DAY',4,'23000','2300','1840'),(110,1,'GAUN PESTA EXP 5 HOURS',4,'26000','2600','2080'),(111,1,'KEBAYA PENDEK EXP 1 DAY',4,'16000','1600','1280'),(112,1,'KEBAYA PENDEK EXP 5 HOURS',4,'19000','1900','1520'),(113,1,'KEBAYA PANJANG EXP 1 DAY',4,'18000','1800','1440'),(114,1,'KEBAYA PANJANG EXP 5 HOURS',4,'21000','2100','1680'),(115,1,'JAKET EXP 1 DAY',4,'15000','1500','1200'),(116,1,'JAKET EXP 5 HOURS',4,'18000','1800','1440'),(117,1,'JAKET TEBAL EXP 1 DAY',4,'18000','1800','1440'),(118,1,'JAKET TEBAL EXP 5 HOURS',4,'21000','2100','1680'),(119,1,'ROMPI EXP 1 DAY',4,'13000','1300','1040'),(120,1,'ROMPI EXP 5 HOURS',4,'16000','1600','1280'),(121,1,'SWEATER EXP 1 DAY',4,'15000','1500','1200'),(122,1,'SWEATER EXP 5 HOURS',4,'18000','1800','1440'),(123,1,'GAMIS EXP 1 DAY',4,'18000','1800','1440'),(124,1,'GAMIS EXP 5 HOURS',4,'21000','2100','1680'),(125,1,'MUKENA EXP 1 DAY',4,'13000','1300','1040'),(126,1,'MUKENA EXP 5 HOURS',4,'16000','1600','1280'),(127,1,'SELENDANG EXP 1 DAY',4,'9000','900','720'),(128,1,'SELENDANG EXP 5 HOURS',4,'12000','1200','960'),(129,1,'SERVICE 5',4,'5000',NULL,NULL),(130,1,'SERVICE 6',4,'6000',NULL,NULL),(131,1,'SERVICE 7',4,'7000',NULL,NULL),(132,1,'SERVICE 8',4,'8000',NULL,NULL),(133,1,'SERVICE 9',4,'9000',NULL,NULL),(134,1,'SERVICE 10',4,'10000',NULL,NULL),(135,1,'SERVICE 11',4,'11000',NULL,NULL),(136,1,'SERVICE 12',4,'12000',NULL,NULL),(137,1,'SERVICE 13',4,'13000',NULL,NULL),(138,1,'SERVICE 14',4,'14000',NULL,NULL),(139,1,'SERVICE 15',4,'15000',NULL,NULL),(140,1,'SERVICE 16',4,'16000',NULL,NULL),(141,1,'SERVICE 17',4,'17000',NULL,NULL),(142,1,'SERVICE 18',4,'18000',NULL,NULL),(143,1,'SERVICE 19',4,'19000',NULL,NULL),(144,1,'SERVICE 20',4,'20000',NULL,NULL),(145,1,'SERVICE 21',4,'21000',NULL,NULL),(146,1,'SERVICE 22',4,'22000',NULL,NULL),(147,1,'SERVICE 23',4,'23000',NULL,NULL),(148,1,'SERVICE 24',4,'24000',NULL,NULL),(149,1,'SERVICE 25',4,'25000',NULL,NULL),(150,1,'SERVICE 26',4,'26000',NULL,NULL),(151,1,'SERVICE 27',4,'27000',NULL,NULL),(152,1,'SERVICE 28',4,'28000',NULL,NULL),(153,1,'SERVICE 29',4,'29000',NULL,NULL),(154,1,'SERVICE 30',4,'30000',NULL,NULL),(155,1,'SERVICE 31',4,'31000',NULL,NULL),(156,1,'SERVICE 32',4,'32000',NULL,NULL),(157,1,'SERVICE 33',4,'33000',NULL,NULL),(158,1,'SERVICE 34',4,'34000',NULL,NULL),(159,1,'SERVICE 35',4,'35000',NULL,NULL),(160,1,'SERVICE 36',4,'36000',NULL,NULL),(161,1,'SERVICE 37',4,'37000',NULL,NULL),(162,1,'SERVICE 38',4,'38000',NULL,NULL),(163,1,'SERVICE 39',4,'39000',NULL,NULL),(164,1,'SERVICE 40',4,'40000',NULL,NULL),(165,1,'SERVICE 41',4,'41000',NULL,NULL),(166,1,'SERVICE 42',4,'42000',NULL,NULL),(167,1,'SERVICE 43',4,'43000',NULL,NULL),(168,1,'SERVICE 44',4,'44000',NULL,NULL),(169,1,'SERVICE 45',4,'45000',NULL,NULL),(170,1,'SERVICE 46',4,'46000',NULL,NULL),(171,1,'SERVICE 47',4,'47000',NULL,NULL),(172,1,'SERVICE 48',4,'48000',NULL,NULL),(173,1,'SERVICE 49',4,'49000',NULL,NULL),(174,1,'SERVICE 50',4,'50000',NULL,NULL),(175,1,'KAOS EXP 1 DAY',4,'11000','1100','880'),(176,1,'BAJU ANAK EXP 1 DAY',4,'9000','900','720'),(177,1,'GORDEN EXP 1 DAY',4,'13000','1300','1820'),(178,2,'SETRIKA',1,'5000',NULL,'650'),(179,2,'TAS BESAR',2,'18000','1800',NULL),(180,2,'TAS',2,'15000','1500',NULL),(181,2,'SWEATER EXP 5 HOURS',4,'18000','1800','1440'),(182,2,'SWEATER EXP 1 DAY',4,'15000','1500','1200'),(183,2,'SWEATER',4,'12000','1200','960'),(184,2,'SETRIKA KATERING',1,'5000',NULL,'650'),(185,2,'SETRIKA EXP 5 HOURS',1,'9000',NULL,'1170'),(186,2,'SETRIKA EXP 1 DAY',1,'7000',NULL,'910'),(187,2,'SETELAN JAS EXP 1 DAY',4,'28000','2800','2240'),(188,2,'SETELAN JAS',4,'25000','2500','2000'),(189,2,'SERVICE 9',4,'9000',NULL,NULL),(190,2,'SERVICE 8',4,'8000',NULL,NULL),(191,2,'SERVICE 7',4,'7000',NULL,NULL),(192,2,'SERVICE 6',4,'6000',NULL,NULL),(193,2,'SERVICE 50',4,'50000',NULL,NULL),(194,2,'SERVICE 5',4,'5000',NULL,NULL),(195,2,'SERVICE 49',4,'49000',NULL,NULL),(196,2,'SERVICE 48',4,'48000',NULL,NULL),(197,2,'SERVICE 47',4,'47000',NULL,NULL),(198,2,'SERVICE 46',4,'46000',NULL,NULL),(199,2,'SERVICE 45',4,'45000',NULL,NULL),(200,2,'SERVICE 44',4,'44000',NULL,NULL),(201,2,'SERVICE 43',4,'43000',NULL,NULL),(202,2,'SERVICE 42',4,'42000',NULL,NULL),(203,2,'SERVICE 41',4,'41000',NULL,NULL),(204,2,'SERVICE 40',4,'40000',NULL,NULL),(205,2,'SERVICE 39',4,'39000',NULL,NULL),(206,2,'SERVICE 38',4,'38000',NULL,NULL),(207,2,'SERVICE 37',4,'37000',NULL,NULL),(208,2,'SERVICE 36',4,'36000',NULL,NULL),(209,2,'SERVICE 35',4,'35000',NULL,NULL),(210,2,'SERVICE 34',4,'34000',NULL,NULL),(211,2,'SERVICE 33',4,'33000',NULL,NULL),(212,2,'SERVICE 32',4,'32000',NULL,NULL),(213,2,'SERVICE 31',4,'31000',NULL,NULL),(214,2,'SERVICE 30',4,'30000',NULL,NULL),(215,2,'SERVICE 29',4,'29000',NULL,NULL),(216,2,'SERVICE 28',4,'28000',NULL,NULL),(217,2,'SERVICE 27',4,'27000',NULL,NULL),(218,2,'SERVICE 26',4,'26000',NULL,NULL),(219,2,'SERVICE 25',4,'25000',NULL,NULL),(220,2,'SERVICE 24',4,'24000',NULL,NULL),(221,2,'SERVICE 23',4,'23000',NULL,NULL),(222,2,'SERVICE 22',4,'22000',NULL,NULL),(223,2,'SERVICE 21',4,'21000',NULL,NULL),(224,2,'SERVICE 20',4,'20000',NULL,NULL),(225,2,'SERVICE 19',4,'19000',NULL,NULL),(226,2,'SERVICE 18',4,'18000',NULL,NULL),(227,2,'SERVICE 17',4,'17000',NULL,NULL),(228,2,'SERVICE 16',4,'16000',NULL,NULL),(229,2,'SERVICE 15',4,'15000',NULL,NULL),(230,2,'SERVICE 14',4,'14000',NULL,NULL),(231,2,'SERVICE 13',4,'13000',NULL,NULL),(232,2,'SERVICE 12',4,'12000',NULL,NULL),(233,2,'SERVICE 11',4,'11000',NULL,NULL),(234,2,'SERVICE 10',4,'10000',NULL,NULL),(235,2,'SEPATU',2,'15000','1500',NULL),(236,2,'SELIMUT KATERING',4,'8000','800','320'),(237,2,'SELIMUT EXP 5 HOURS',4,'15000','1500','600'),(238,2,'SELIMUT EXP 1 DAY',4,'12000','1200','480'),(239,2,'SELIMUT',4,'9000','900','360'),(240,2,'SELENDANG EXP 5 HOURS',4,'12000','1200','960'),(241,2,'SELENDANG EXP 1 DAY',4,'9000','900','720'),(242,2,'SELENDANG',4,'6000','600','480'),(243,2,'SAJADAH',2,'10000','1000',NULL),(244,2,'ROMPI EXP 5 HOURS',4,'16000','1600','1280'),(245,2,'ROMPI EXP 1 DAY',4,'13000','1300','1040'),(246,2,'ROMPI',4,'10000','1000','800'),(247,2,'ROK PENDEK EXP 5 HOURS',4,'15000','1500','1200'),(248,2,'ROK PENDEK EXP 1 DAY',4,'12000','1200','960'),(249,2,'ROK PENDEK',4,'9000','900','720'),(250,2,'ROK PANJANG EXP 5 HOURS',4,'17000','1700','1360'),(251,2,'ROK PANJANG EXP 1 DAY',4,'14000','1400','1120'),(252,2,'ROK PANJANG',4,'11000','1100','880'),(253,2,'PERMADANI SEDANG',3,'30000',NULL,NULL),(254,2,'PERMADANI BESAR',3,'40000',NULL,NULL),(255,2,'MUKENA EXP 5 HOURS',4,'16000','1600','1280'),(256,2,'MUKENA EXP 1 DAY',4,'13000','1300','1040'),(257,2,'MUKENA',4,'10000','1000','800'),(258,2,'KILOAN KATERING',4,'7000','700','910'),(259,2,'KILOAN EXP 5 HOURS',4,'13000','1300','1690'),(260,2,'KILOAN EXP 1 DAY',4,'10000','1000','1300'),(261,2,'KILOAN',4,'7000','700','910'),(262,2,'KESET',2,'7000','700',NULL),(263,2,'KEMEJA PENDEK EXP 5 HOURS',4,'15000','1500','1200'),(264,2,'KEMEJA PENDEK EXP 1 DAY',4,'12000','1200','960'),(265,2,'KEMEJA PENDEK',4,'9000','900','720'),(266,2,'KEMEJA PANJANG EXP 5 HOURS',4,'21000','2100','1280'),(267,2,'KEMEJA PANJANG EXP 1 DAY',4,'18000','1800','1040'),(268,2,'KEMEJA PANJANG',4,'15000','1500','800'),(269,2,'KEBAYA PENDEK EXP 5 HOURS',4,'19000','1900','1520'),(270,2,'KEBAYA PENDEK EXP 1 DAY',4,'16000','1600','1280'),(271,2,'KEBAYA PENDEK',4,'13000','1300','1040'),(272,2,'KEBAYA PANJANG EXP 5 HOURS',4,'21000','2100','1680'),(273,2,'KEBAYA PANJANG EXP 1 DAY',4,'18000','1800','1440'),(274,2,'KEBAYA PANJANG',4,'15000','1500','1200'),(275,2,'KASUR PALEMBANG',3,'15000',NULL,NULL),(276,2,'KASUR LIPAT',3,'75000',NULL,NULL),(277,2,'KARPET TIPIS',3,'10000',NULL,NULL),(278,2,'KARPET TEBAL',3,'16000',NULL,NULL),(279,2,'KARPET SUPER TEBAL',3,'20000',NULL,NULL),(280,2,'KARPET SEDANG',3,'13000',NULL,NULL),(281,2,'KARPET IMPORT',3,'25000',NULL,NULL),(282,2,'KAOS EXP 5 HOURS',4,'14000','1400','1120'),(283,2,'KAOS EXP 1 DAY',4,'11000','1100','880'),(284,2,'KAOS',4,'8000','800','640'),(285,2,'JAS EXP 1 DAY',4,'18000','1800','1440'),(286,2,'JAS',4,'15000','1500','1200'),(287,2,'JAKET TEBAL EXP 5 HOURS',4,'21000','2100','1680'),(288,2,'JAKET TEBAL EXP 1 DAY',4,'18000','1800','1440'),(289,2,'JAKET TEBAL',4,'15000','1500','1200'),(290,2,'JAKET KULIT',2,'18000','1800',NULL),(291,2,'JAKET EXP 5 HOURS',4,'18000','1800','1440'),(292,2,'JAKET EXP 1 DAY',4,'15000','1500','1200'),(293,2,'JAKET',4,'12000','1200','960'),(294,2,'GULING KECIL',2,'10000','1000',NULL),(295,2,'GULING BESAR',2,'15000','1500',NULL),(296,2,'GORDEN EXP 1 DAY',4,'13000','1300','1820'),(297,2,'GORDEN',4,'10000','1000','1400'),(298,2,'GAUN PESTA EXP 5 HOURS',4,'26000','2600','2080'),(299,2,'GAUN PESTA EXP 1 DAY',4,'23000','2300','1840'),(300,2,'GAUN PESTA',4,'20000','2000','1600'),(301,2,'GAUN PENDEK EXP 5 HOURS',4,'19000','1900','1520'),(302,2,'GAUN PENDEK EXP 1 DAY',4,'16000','1600','1280'),(303,2,'GAUN PENDEK',4,'13000','1300','1040'),(304,2,'GAUN PANJANG EXP 5 HOURS',4,'22000','2200','1760'),(305,2,'GAUN PANJANG EXP 1 DAY',4,'19000','1900','1520'),(306,2,'GAUN PANJANG',4,'16000','1600','1280'),(307,2,'GAUN ANAK EXP 5 HOURS',4,'21000','2100','1680'),(308,2,'GAUN ANAK EXP 1 DAY',4,'18000','1800','1440'),(309,2,'GAUN ANAK',4,'13000','1300','1040'),(310,2,'GAMIS EXP 5 HOURS',4,'21000','2100','1680'),(311,2,'GAMIS EXP 1 DAY',4,'18000','1800','1440'),(312,2,'GAMIS',4,'15000','1500','1200'),(313,2,'CUCI KATERING',2,'5500','550',NULL),(314,2,'CUCI EXP 5 HOURS',2,'9500','950',NULL),(315,2,'CUCI EXP 1 DAY',2,'7500','750',NULL),(316,2,'CUCI',2,'5500','550',NULL),(317,2,'CELANA PENDEK EXP 5 HOURS',4,'14000','1400','1120'),(318,2,'CELANA PENDEK EXP 1 DAY',4,'11000','1100','880'),(319,2,'CELANA PENDEK',4,'8000','800','640'),(320,2,'CELANA PANJANG EXP 5 HOURS',4,'18000','1800','1440'),(321,2,'CELANA PANJANG EXP 1 DAY',4,'15000','1500','1200'),(322,2,'CELANA PANJANG',4,'12000','1200','960'),(323,2,'BONEKA SUPER BESAR 2',2,'40000','4000',NULL),(324,2,'BONEKA SUPER BESAR 1',2,'30000','3000',NULL),(325,2,'BONEKA SEDANG 2',2,'15000','1500',NULL),(326,2,'BONEKA SEDANG 1',2,'12000','1200',NULL),(327,2,'BONEKA MINI',2,'5000','500',NULL),(328,2,'BONEKA KECIL 2',2,'10000','1000',NULL),(329,2,'BONEKA KECIL 1',2,'8000','800',NULL),(330,2,'BONEKA JUMBO 3',2,'70000','7000',NULL),(331,2,'BONEKA JUMBO 2',2,'60000','6000',NULL),(332,2,'BONEKA JUMBO 1',2,'50000','5000',NULL),(333,2,'BONEKA BESAR 3',2,'25000','2500',NULL),(334,2,'BONEKA BESAR 2',2,'20000','2000',NULL),(335,2,'BONEKA BESAR 1',2,'18000','1800',NULL),(336,2,'BLOUSE EXP 5 HOURS',4,'17000','1700','1360'),(337,2,'BLOUSE EXP 1 DAY',4,'14000','1400','1120'),(338,2,'BLOUSE',4,'11000','1100','880'),(339,2,'BLAZER EXP 5 HOURS',4,'18000','1800','1440'),(340,2,'BLAZER EXP 1 DAY',4,'15000','1500','1200'),(341,2,'BLAZER',4,'12000','1200','960'),(342,2,'BED COVER KATERING',4,'8000','800','320'),(343,2,'BED COVER EXP 5 HOURS',4,'15000','1500','600'),(344,2,'BED COVER EXP 1 DAY',4,'12000','1200','480'),(345,2,'BED COVER',4,'9000','900','360'),(346,2,'BANTAL KECIL',2,'10000','1000',NULL),(347,2,'BANTAL BESAR',2,'15000','1500',NULL),(348,2,'BAJU ANAK EXP 5 HOURS',4,'12000','1200','960'),(349,2,'BAJU ANAK EXP 1 DAY',4,'9000','900','720'),(350,2,'BAJU ANAK',4,'6000','600','480'),(351,2,'ALAS TIPIS',2,'10000','1000',NULL),(352,4,'KILOAN',4,'7000','700','900');

/*Table structure for table `user` */

DROP TABLE IF EXISTS `user`;

CREATE TABLE `user` (
  `id_user` int(11) NOT NULL AUTO_INCREMENT,
  `id_employee` int(11) DEFAULT NULL,
  `id_branch` int(11) DEFAULT NULL,
  `username` varchar(255) CHARACTER SET latin1 NOT NULL,
  `password` varchar(255) CHARACTER SET latin1 NOT NULL,
  `role` int(11) NOT NULL,
  `status` int(11) NOT NULL,
  `last_login` datetime NOT NULL,
  PRIMARY KEY (`id_user`)
) ENGINE=InnoDB AUTO_INCREMENT=37 DEFAULT CHARSET=utf8;

/*Data for the table `user` */

insert  into `user`(`id_user`,`id_employee`,`id_branch`,`username`,`password`,`role`,`status`,`last_login`) values (14,NULL,NULL,'ADMIN','95c7e6e907314439f74688298fda0248ADMIN',0,0,'2020-01-13 22:21:16'),(33,0,1,'JONO1','2458eebddd56827de39402201d1f471dJONO',1,0,'2019-07-03 13:40:31'),(34,0,2,'JONO2','2458eebddd56827de39402201d1f471dJONO',1,0,'2018-01-09 20:06:44'),(35,2,1,'SUSI','d558ffd09d5292117660a05412d642fcSUSI',2,0,'2019-07-03 13:37:59'),(36,6,2,'KOKOM','dc5c843266d3353943cd2bc5c6299824KOKOM',2,0,'2020-01-13 22:05:33');

/*!40101 SET SQL_MODE=@OLD_SQL_MODE */;
/*!40014 SET FOREIGN_KEY_CHECKS=@OLD_FOREIGN_KEY_CHECKS */;
/*!40014 SET UNIQUE_CHECKS=@OLD_UNIQUE_CHECKS */;
/*!40111 SET SQL_NOTES=@OLD_SQL_NOTES */;
